{
  "publicPath": "/dist/",
  "all": [
    "0.80047af968a9590587a2.js",
    "1.d60e1ed677c90e99842f.js",
    "vendor.cbdac12e26109c0e7465.js",
    "app.517d866a17fa90ce77f0.js",
    "manifest.c10f6bff7d3cd9b1a197.js"
  ],
  "initial": [
    "manifest.c10f6bff7d3cd9b1a197.js",
    "vendor.cbdac12e26109c0e7465.js",
    "app.517d866a17fa90ce77f0.js"
  ],
  "async": [
    "0.80047af968a9590587a2.js",
    "1.d60e1ed677c90e99842f.js"
  ],
  "modules": {
    "1a282938": [
      2
    ],
    "2249c93f": [
      2
    ],
    "345c71dc": [
      2
    ],
    "850fa10c": [
      2
    ],
    "199a9fba": [
      2
    ],
    "c172f948": [
      2
    ],
    "974c1f20": [
      2
    ],
    "a7b8c0d6": [
      3
    ],
    "6ff1b126": [
      2
    ],
    "cf27dc78": [
      2
    ],
    "3468c6ea": [
      2
    ],
    "868c8a5a": [
      2
    ],
    "6e708895": [
      2
    ],
    "43ad4c22": [
      3
    ],
    "88df6db4": [
      3
    ],
    "f4a92896": [
      2
    ],
    "27098dc0": [
      2
    ],
    "8a6491e8": [
      2
    ],
    "29b4cf10": [
      2
    ],
    "8952ef82": [
      3
    ],
    "54930b36": [
      3
    ],
    "77ea1418": [
      2
    ],
    "69d90f79": [
      3
    ],
    "3a9d3ef0": [
      3
    ],
    "25c57342": [
      0
    ],
    "0765d5c6": [
      0
    ],
    "4968b464": [
      0
    ],
    "21d6119c": [
      1
    ],
    "7336422e": [
      0
    ]
  }
}